Engineering,0.592592593
PHS,0.592592593
Town Planning,0.592592593
UPA,0.592592593
Administration,0.592592593
Revenue,0.592592593